n_clusters,time,entropy,iterations
2,1.622378,4.212311,30
1000,24.913060,3.757821,10